"conversation_id_str","created_at","favorite_count","full_text","id_str","image_url","in_reply_to_screen_name","lang","location","quote_count","reply_count","retweet_count","tweet_url","user_id_str","username"
"1902495593794302210","Wed Mar 19 23:01:10 +0000 2025","10249"," TIPS SKOR 750+ SNBT DALAM 1 BULAN Kak aku ga lolos SNBP masih kekejar ga ya? Kak aku baru bisa fokus 1 bulanan ini Kak mulai bljr dari mana? sama sumbernya dari mana Rekomendasi tempat belajar? Ini Tips &amp; Trick buat Dapetin Skor UTBK 750+ dalam 1 bulan https://t.co/UY6jcZFj4r","1902495593794302210","https://pbs.twimg.com/media/GmcFqAQa4AEzsrA.jpg","","in","DKI Jakarta, Indonesia","17","9","1926","https://x.com/studytipsntrik/status/1902495593794302210","1431851630652125190","studytipsntrik"
"1902281447685099606","Wed Mar 19 11:14:35 +0000 2025","42610","@sbmptnfess sedangkan yang kebanyakan lulus lulus adalah siswa yang prestasinya biasa biasa aja turut berduka atas kekecewaanmu krn ga lulus snbp nder tp prestasimu bener bener ga berarti ketika kamu mulai merasa lebih hebat dari orang lain dan memandang rendah org lain","1902317772711055463","","sbmptnfess","in","","193","126","4146","https://x.com/kiankaeye/status/1902317772711055463","1752017644591710208","kiankaeye"
"1901919103432159455","Tue Mar 18 08:50:24 +0000 2025","35824","ALHAMDULILLAH AKU LOLOS SNBP https://t.co/t0JKZ3QidZ","1901919103432159455","https://pbs.twimg.com/media/GmT5V3CbMAAiTgO.jpg","","in","Law'24","756","555","5693","https://x.com/plutonymz/status/1901919103432159455","1732739112019558400","plutonymz"
"1901920875940921752","Tue Mar 18 08:57:27 +0000 2025","19424","Dulu aku gagal di SNBP tapi setelah itu aku bisa jadi top rank nasional TO &amp; sukses di SNBT. Kuncinya: Manfaatin tips efektif belajar SNBT meski hanya dlm 1 bulan. Gimana caraku bangkit dari kegagalan SNBP &amp; sukses di SNBT? Ini thread untukmu. https://t.co/Hiydi3YQuD","1901920875940921752","https://pbs.twimg.com/media/GmT2382bwAAxnFY.jpg","","in","Bandung-Jakarta","151","43","2884","https://x.com/ahnafau/status/1901920875940921752","1250114172345405441","ahnafau"
"1901908580313497742","Tue Mar 18 08:08:35 +0000 2025","22657","Nangis bangett adek ku keren bgtt coyy snbp ITB FTTM GANESHA WOI kakaknya ini aja gaperna kebayang kuliah di ITB https://t.co/ryNshtB0VF","1901908580313497742","https://pbs.twimg.com/media/GmTvxUVawAE54ft.jpg","","in","she/her 20‚Äô","348","642","914","https://x.com/needsleepby/status/1901908580313497742","996463696812490752","needsleepby"
"1901771555497283622","Mon Mar 17 23:04:06 +0000 2025","26917","Kalau kamu ga lulus SNBP jangan sedih. Sama aku dulu juga gitu ini dia TIPS dari aku untuk kebut SNBT dalam 1 Bulan. Bismillah Tolong berbagi dgn RT yaaaa https://t.co/AhQK4iEy2R","1901771555497283622","https://pbs.twimg.com/media/GmRvy9QakAAl8R_.jpg","","in","","113","35","5507","https://x.com/enamolr/status/1901771555497283622","2508347022","enamolr"
"1902345706268229685","Wed Mar 19 13:05:34 +0000 2025","12471","minwon few tweets au snbp core: 423080336 vs 423080337 https://t.co/IbcaS1i08i","1902345706268229685","https://pbs.twimg.com/media/GmZ9VmLbgAACEfg.jpg","","en","Êµ∑„Å∏","237","40","1642","https://x.com/kingarthurisd/status/1902345706268229685","1512417840070270977","kingarthurisd"
"1901916862793023897","Tue Mar 18 08:41:30 +0000 2025","28854","SATU SIRKEL SNBP MASUK UI PUJI TUHANNN https://t.co/0uhqa0RC59","1901916862793023897","https://pbs.twimg.com/media/GmT3TUaaAAAuCM6.jpg","","in","she/her","645","463","951","https://x.com/luminear/status/1901916862793023897","1404745909791907846","luminear"
"1901914455539081515","Tue Mar 18 08:31:56 +0000 2025","4378","WOYYYY AK LOLOS SNBP WOYYY DITUNGGU OSKM YH ITB HIHI https://t.co/abdKywuR45","1901914455539081515","https://pbs.twimg.com/media/GmT1EazawAA9329.jpg","","in","","80","223","200","https://x.com/21523butterosa/status/1901914455539081515","1135112800785747968","21523butterosa"
"1901972091232305592","Tue Mar 18 12:20:58 +0000 2025","29249","GAES AKU LOLOS SNBP GA NYANGKA MAU SPILL PORTOOO #portofoliosnbp2025 https://t.co/ncHEKXv6O1","1901972091232305592","https://pbs.twimg.com/media/GmUpQbxbQAEKP7F.jpg","","tl","aku serius jadi maba ?","1073","633","1686","https://x.com/Kieldrian_/status/1901972091232305592","1708061160988454912","Kieldrian_"
"1901951202104926440","Tue Mar 18 10:57:57 +0000 2025","4384","buat yang ga dapet SNBP jangan sedih ya bantai di SNBT nanti https://t.co/CvKCiUKEUo","1901951202104926440","https://pbs.twimg.com/media/GmUWiB8aYAAkAd1.jpg","","in","","78","91","269","https://x.com/sapikeii/status/1901951202104926440","1807840996673441794","sapikeii"
"1901907277713703222","Tue Mar 18 08:03:25 +0000 2025","14101","GUE .SPEECHLESS YA ALLAH BIRUUUUUUUUUUUUUUU AAAA SNBP GUE BIRU AJGGGGGGG MESIN UGM IM COMINGGGGG https://t.co/rhnhjMlxlZ","1901907277713703222","https://pbs.twimg.com/media/GmTulcRb0AE1HVL.jpg","","in","Yogyakarta, Indonesia","123","808","442","https://x.com/MasJawaNinja/status/1901907277713703222","1012551947314819072","MasJawaNinja"
"1902114179479466185","Tue Mar 18 21:45:34 +0000 2025","2262","ga lolos snbp ga bikin mati kok https://t.co/K0yWxiqRuU","1902114179479466185","https://pbs.twimg.com/media/GmWqwuIa8AEbVr3.jpg","","tl","yk","29","53","156","https://x.com/mrtbakmniez/status/1902114179479466185","1516346141197373441","mrtbakmniez"
"1901415698565681285","Sun Mar 16 23:30:03 +0000 2025","17010","reaction orang rumah ketika kamu lolos univ impian semoga ramadhan kali ini jadi ramadhan terbaik (dengan lulus snbp) https://t.co/SJUONoaCzy","1901415698565681285","https://pbs.twimg.com/ext_tw_video_thumb/1901415657155203072/pu/img/6mMhJcHp58PNtBCl.jpg","","in","","630","507","1605","https://x.com/pubtri/status/1901415698565681285","762689558769180673","pubtri"
"1901910334908280992","Tue Mar 18 08:15:34 +0000 2025","5082","OTW BANTAI UTBK SNBT 800+ OTW BANTAI UTBK SNBT 800+ OTW BANTAI UTBK SNBT 800+ OTW BANTAI UTBK SNBT 800+ OTW BANTAI UTBK SNBT 800+ OTW LOLOS SNBT 2025","1901910334908280992","","","in","Jakarta","36","11","2222","https://x.com/utbkcak/status/1901910334908280992","1304292109470498816","utbkcak"
"1902280539010429058","Wed Mar 19 08:46:37 +0000 2025","11664","pinter gini bisa juga engga lolos snbp https://t.co/oyHm2Erc8t","1902280539010429058","https://pbs.twimg.com/media/GmZB9SYbwAAe589.jpg","","tl","‚ù§Ô∏èüß°ü§çü©∑‚ù§Ô∏è","126","120","459","https://x.com/cakemoir/status/1902280539010429058","1820995995641282560","cakemoir"
"1901921414401106011","Tue Mar 18 08:59:35 +0000 2025","4270","even though aku ga berharap sm snbp tapi ini sakit banget anjir https://t.co/DzDOLzm46E","1901921414401106011","https://pbs.twimg.com/media/GmT7cHpakAAaxyy.jpg","","in","ISTJ ‚ô° 8TEEN","90","74","562","https://x.com/_sserafiem/status/1901921414401106011","1680175758902435840","_sserafiem"
"1901914835845263858","Tue Mar 18 08:33:27 +0000 2025","1367","PUJI TUHAN LOLOS SNBP LOLOS ASTAGA https://t.co/3zuAPUEZ3U","1901914835845263858","https://pbs.twimg.com/media/GmT1dZyaoAAP7ki.jpg","","tl","","17","50","87","https://x.com/cafeilattee_/status/1901914835845263858","1266034761081868289","cafeilattee_"
"1901908654875627967","Tue Mar 18 08:08:53 +0000 2025","5773","ALHAMDULLILAH LOLOS SNBP PSIKOLOGI UNDIPÔ∏è https://t.co/paBz2qwPqB","1901908654875627967","https://pbs.twimg.com/media/GmTv1s3bQAAQe__.jpg","","in","beauty and fashion enthusiast ","62","319","265","https://x.com/starryegoistic/status/1901908654875627967","1676245461529935873","starryegoistic"
"1901908786144809417","Tue Mar 18 08:09:25 +0000 2025","1870","HAHAHA REAKSI AKU DAN TEMEN TEMENKU BUKAIN SNBP SELAMAT BERGABUNG DI BIOLOGI UPII HAHAHAHHA https://t.co/9YYj5IB0Oo","1901908786144809417","https://pbs.twimg.com/amplify_video_thumb/1901907817218674688/img/9YTM9rqgUh_pSb9o.jpg","","in","delulu ","6","16","64","https://x.com/valyarcy/status/1901908786144809417","1702574290456236032","valyarcy"
"1900766332209213630","Sat Mar 15 04:29:42 +0000 2025","6803","ya Tuhan biarkanlah kita semua ikut OKK PIONIR GERIGI RABRAW AMERTA PRABU DAN OSPEK OSPEK PTN LAINNYA TAHUN INI!","1900766332209213630","","","in","fk brawijaya ‚≠êÔ∏è 181.425","157","145","1983","https://x.com/fkubsoon/status/1900766332209213630","1863212910111244288","fkubsoon"
"1901919902795280844","Tue Mar 18 08:53:35 +0000 2025","2680","alhamdulillah fkg ui #snbp #SNBP2025 #ui #fkgui https://t.co/UH4k8fmPOs","1901919902795280844","https://pbs.twimg.com/media/GmT6EdPagAA19M3.jpg","","in","fkg ui","36","70","177","https://x.com/agernutrijelly/status/1901919902795280844","1106173688443891712","agernutrijelly"
"1901669674892541972","Mon Mar 17 16:19:16 +0000 2025","5579","Review Analitica yang nemenin aku berjuang di UTBK 2024 karena ketolak SNBP + ga punya persiapan H-1 bulan utbk dan.. TERNYATA LOLOS PIL 1 ini review jujur yaa a thread https://t.co/rZjTpQaXYc","1901669674892541972","https://pbs.twimg.com/media/GmQWfbgaIAA4I7K.jpg","","in","","11","30","501","https://x.com/mawilkom/status/1901669674892541972","1837024986147745792","mawilkom"
"1901290711305375786","Sun Mar 16 15:13:24 +0000 2025","11672"," https://t.co/5NdhBa14Pc","1901290711305375786","https://pbs.twimg.com/media/GmK9zz1bgAAHs5D.jpg","","qme","study rant","128","20","3031","https://x.com/gummieeest/status/1901290711305375786","1883508674184040448","gummieeest"
"1901924657269243948","Tue Mar 18 09:12:29 +0000 2025","1162","allahuakbar lolos pil 1 https://t.co/05E9SMs1bm","1901924657269243948","https://pbs.twimg.com/media/GmT-YkbbIAAZ5gP.jpg","","in","surga","11","50","68","https://x.com/chuushiro/status/1901924657269243948","1525003919658602497","chuushiro"
"1901386333563871675","Sun Mar 16 21:33:22 +0000 2025","6355","Ketik 1 dan besok jadi maba jalur SNBP. Amiin. https://t.co/2pSQtOr6VR","1901386333563871675","https://pbs.twimg.com/media/GmMUvotawAAWZLn.jpg","","in","Surabaya","252","1899","891","https://x.com/AnaliticaId/status/1901386333563871675","1592351605403561984","AnaliticaId"
"1902342084268593312","Wed Mar 19 12:51:11 +0000 2025","6325","Yukkk bales di UTBK ‚≠êÔ∏èTO UTBK GRATIS PART 5 ‚≠êÔ∏è Periode Pendaftaran: 19 - 23 Maret 2025 Periode Pengerjaan: 21 - 23 Maret 2025 Syaratnya mudah : 1. LIKE &amp; RT postingan ini 2. Follow @alphastude 2. Komen DONE di kolom komentar Lalu daftar di https://t.co/h9R1BrEJ9M","1902342084268593312","https://pbs.twimg.com/media/GmZ6CVma8AAtewj.jpg","","in","","43","2231","3731","https://x.com/infotembusptn/status/1902342084268593312","883498040","infotembusptn"
"1901566674890866790","Mon Mar 17 09:29:59 +0000 2025","13010","bohong klo ga pengen biru bohong klo ga panik bohong klo aku tenang bohong klo aku dah ikhlas gajadi milih ugm di snbp cz ga direstui ibu bohong semuanya... besok cuman mau biru aja ya Allah aku mohon.. aku udah ngelepas univ impianku demi restu orang tua aku mohon yaallah https://t.co/bKOQBb20fK","1901566674890866790","https://pbs.twimg.com/media/GmO40AnbAAALqMq.jpg","","in","isekai","129","190","725","https://x.com/hiraainheree/status/1901566674890866790","1546644239727366144","hiraainheree"
"1901907359385202798","Tue Mar 18 08:03:44 +0000 2025","15020","AJGHHH LOLOS SNBP COKKKK GEMETERANN IHH https://t.co/kUmpCO8AI7","1901907359385202798","https://pbs.twimg.com/media/GmTuqfTakAAJrSW.jpg","","tr","ISTJ","78","189","283","https://x.com/adharaf_/status/1901907359385202798","1369988528726151173","adharaf_"
"1901998725888979182","Tue Mar 18 14:06:48 +0000 2025","7625","life after di tolak snbp https://t.co/Ca6ZcPKsFW","1901998725888979182","https://pbs.twimg.com/media/GmVBwoOacAEjOyK.jpg","","tl","","93","143","253","https://x.com/shaunthesick/status/1901998725888979182","1850820694084558848","shaunthesick"
"1903009313574227979","Fri Mar 21 09:02:31 +0000 2025","119","Mari kita ucapkan selamat kepada Gozo satoru yang telah lolos SNBP guys! https://t.co/3eV3HcZRua","1903009313574227979","https://pbs.twimg.com/media/GmjYuUbaEAMDp2a.png","","in","Jl. Purnawarman No. 36 B ","8","4","10","https://x.com/officialgopusat/status/1903009313574227979","2959072057","officialgopusat"
"1900810695110996357","Sat Mar 15 07:25:59 +0000 2025","7353","yang ikut snbp udah deh lolos aja lu semuanya biar yang ikut snbt nanti dikit","1900810695110996357","","","in","","179","350","949","https://x.com/bukanbagusloh/status/1900810695110996357","1120455928329801728","bukanbagusloh"
"1901930605585318299","Tue Mar 18 09:36:07 +0000 2025","976","ALHAMDULILLAH KETERIMA SNBP FARMASI UNPAD 2025 (msih g nyangka) https://t.co/020iHUTOy4","1901930605585318299","https://pbs.twimg.com/media/GmUDzLaaQAAipFw.jpg","","in","üáÆüá© | she / her . 06","13","42","43","https://x.com/cookiesteflon/status/1901930605585318299","1440857072187281417","cookiesteflon"
"1901912282369802465","Tue Mar 18 08:23:18 +0000 2025","1309","ALHAMDULILLAH LOLOS SNBP YA ALLAH ALHAMDULILLAH IE UI'25 https://t.co/BdlbohQCcI","1901912282369802465","https://pbs.twimg.com/media/GmTzJFVbAAAk_Yl.jpg","","in","","12","50","60","https://x.com/sasstudyyy/status/1901912282369802465","1648345634595041282","sasstudyyy"
"1901898789482631350","Tue Mar 18 07:31:56 +0000 2025","25","Pendaftar berdasarkan jenis sekolah https://t.co/B1zemXnvE1","1901899354115604674","https://pbs.twimg.com/media/GmTnWNYbwAASyCY.jpg","utbkcak","in","Jakarta","0","1","0","https://x.com/utbkcak/status/1901899354115604674","1304292109470498816","utbkcak"
"1901929298203955367","Tue Mar 18 09:30:55 +0000 2025","2945","HUAAA LOLOS SNBP JUGAAAA . FK UGM I'M COMING . https://t.co/Wlp06ndmo0","1901929298203955367","https://pbs.twimg.com/media/GmUCnU3bUAAGqZK.jpg","","en","Indonesia ","27","75","162","https://x.com/me_here22/status/1901929298203955367","1642911856263327745","me_here22"
"1901911164629451014","Tue Mar 18 08:18:52 +0000 2025","5147","ALHAMDULILLAH YA ALLAH SNBP BIRU LOLOS FTTM ITB https://t.co/f5opD0ga5S","1901911164629451014","https://pbs.twimg.com/media/GmTyH4makAAE2Mr.jpg","","in","","85","212","285","https://x.com/somsomay_/status/1901911164629451014","1371907181046505472","somsomay_"
"1901912829667709368","Tue Mar 18 08:25:29 +0000 2025","6398","assalamualaikum ftmm unair (lolos snbp) https://t.co/thhKI25Mub","1901912829667709368","https://pbs.twimg.com/media/GmTzowpakAA5X6j.jpg","","fi","","33","121","148","https://x.com/nowdatingjaemin/status/1901912829667709368","1550327642498314242","nowdatingjaemin"
"1901946544829747471","Tue Mar 18 10:39:27 +0000 2025","2030","portofolio yang alhamdulillah bikin aku keterima di snbp fsrd itb cirebon &lt;3333 #portofoliosnbp2025 https://t.co/lc3gydNlMQ","1901946544829747471","https://pbs.twimg.com/media/GmUSS2ea4AASrMe.jpg","","in","vanoe's wedding alter","34","38","162","https://x.com/overselfish/status/1901946544829747471","1380475690831597570","overselfish"
"1903031387973726510","Fri Mar 21 10:30:14 +0000 2025","594","[snbt] haloo dengan sender yang samaa. kalau aku bikin thread pada mau gaa? Sekedar tips aku setiap ngejain LBE ajaa kalo maw nanti aku bikin + tag yaa https://t.co/7Sgd3YADpo","1903031387973726510","https://pbs.twimg.com/media/Gmjs9kgXEAA_hZf.jpg","","in","kirim menfess üëâ","7","591","31","https://x.com/snbtfess/status/1903031387973726510","1515005472146812932","snbtfess"
"1902281447685099606","Wed Mar 19 08:50:14 +0000 2025","20246","Ptn! nyatanya tidak sedikit anak dengan prestasi bergengsi yang diadakan puspresnas tidak lulus snbp 2025 https://t.co/aXVFPMq30j","1902281447685099606","https://pbs.twimg.com/media/GmZC5QWXoAAZhow.jpg","","in","RULES üëâ","3644","2829","750","https://x.com/sbmptnfess/status/1902281447685099606","1205629250423779328","sbmptnfess"
"1902950843395027397","Fri Mar 21 05:10:10 +0000 2025","2402","stud! halo temen-temen ada yang bisa kasih tau cara simple buat tipe soal kaya gini gk ya??? aku pake caraku keliatan panjang dan buang waktu banget soalnya. terima kasih ya https://t.co/labNEPck4N","1902950843395027397","https://pbs.twimg.com/media/GmijtSEXQAAQQYN.jpg","","in","kirim menfess üëâ","38","33","220","https://x.com/snbtfess/status/1902950843395027397","1515005472146812932","snbtfess"
"1901941520368071119","Tue Mar 18 10:19:29 +0000 2025","371","huhu ditolak isi yk gapapa deh sepertinya memang belum rejeki ku di snbp #portofoliosnbp2025 #SNBP2025 https://t.co/DOzt22ByfV","1901941520368071119","https://pbs.twimg.com/media/GmUNth3asAAvPvu.jpg","","in","","4","17","21","https://x.com/z4feruz/status/1901941520368071119","1478558006300184580","z4feruz"
"1902262915153195090","Wed Mar 19 07:36:35 +0000 2025","1756","GUYS ALHAMDULILLAH AKU LULUS SNBP https://t.co/5cJvI8sjRr","1902262915153195090","https://pbs.twimg.com/media/GmYyClya0AAwE-g.jpg","","in","indo/eng tweet","34","18","569","https://x.com/oursangsung/status/1902262915153195090","1807400780435275776","oursangsung"
"1901898789482631350","Tue Mar 18 07:34:52 +0000 2025","18","Hasil Seleksi Jalur SNBP - PTN Akademik - PTN Vokasi https://t.co/6A7upJT8ss","1901900093055496234","https://pbs.twimg.com/media/GmTnbpvbYAERbzU.jpg","utbkcak","in","Jakarta","0","1","1","https://x.com/utbkcak/status/1901900093055496234","1304292109470498816","utbkcak"
"1902604819753304087","Thu Mar 20 06:15:12 +0000 2025","4663","gais ini carcepnya gimana tolong.... [snbt] https://t.co/MMvNMKRVpv","1902604819753304087","https://pbs.twimg.com/media/GmdpADXWYAAiB8J.jpg","","in","kirim menfess üëâ","29","46","359","https://x.com/snbtfess/status/1902604819753304087","1515005472146812932","snbtfess"
"1901928964119310651","Tue Mar 18 09:29:35 +0000 2025","58","WHATTT LOLOSSS?? #SNBP #SNBP2025 #portofoliosnbp2025 #DKV https://t.co/HfScu3jDcL","1901928964119310651","https://pbs.twimg.com/media/GmUCMRQakAEDZfw.jpg","","en","home","0","4","8","https://x.com/BronzXfo/status/1901928964119310651","1378204871904518146","BronzXfo"
"1903009994829902314","Fri Mar 21 09:05:13 +0000 2025","383","stud! Ini caranya gimana ya? https://t.co/GGA9vO02DN","1903009994829902314","https://pbs.twimg.com/media/GmjZgVHWgAA3-iF.jpg","","in","kirim menfess üëâ","13","47","21","https://x.com/snbtfess/status/1903009994829902314","1515005472146812932","snbtfess"
"1902952786150482354","Fri Mar 21 05:17:54 +0000 2025","16"," GIVEAWAY PAKET TRYOUT SAINSIN NF JUARA DAN WANGSIT OM JERO Halo teman-teman‚ÄçÔ∏è Karena Alhamdulillah aku kemarin keterima SNBP di ITS jadi aku mau menunaikan nazarku dengan mengadakan giveaway kecil-kecilan berupa paket tryout di SAINSIN NF JUARA dan WANGSIT OM JERO. https://t.co/qMMZCBq290","1902952786150482354","https://pbs.twimg.com/media/GmileW7a0AAi_NZ.jpg","","in","","0","11","10","https://x.com/haebychan/status/1902952786150482354","1576876484467511296","haebychan"
"1902348534072144006","Wed Mar 19 13:16:49 +0000 2025","734"," hasil seleksi SNBP ; a na jaemin few tweets au https://t.co/HaRH5vkbDA","1902348534072144006","https://pbs.twimg.com/media/GmZ_6HtasAAjUfi.jpg","","tl","","3","1","70","https://x.com/batagorkacaang/status/1902348534072144006","1770687144874725376","batagorkacaang"
"1901977447593398556","Tue Mar 18 12:42:15 +0000 2025","11383","pacarku pas aku aku ketolak SNBP and yes i got a whole package of mochis from my boyfriend :-) thank you for cheering me up with dozens of serotonin boosts baby! &lt;3 https://t.co/eN91ow1GzE","1901977447593398556","https://pbs.twimg.com/media/GmUuCmObkAAHo33.jpg","","en","she (17) ‚ô° alterian","1045","587","716","https://x.com/blairscent/status/1901977447593398556","4748997732","blairscent"
"1902730755887018048","Thu Mar 20 14:35:37 +0000 2025","42","the atmadja join snbp core note: tahun snbp dan tahun kelahiran tidak disesuaikan dengan alur cerita https://t.co/VoZTV1D56l","1902730755887018048","https://pbs.twimg.com/media/GmfbiPjb0AAiRPb.jpg","","in","","3","2","5","https://x.com/haruquinzaa/status/1902730755887018048","1546086475988578308","haruquinzaa"
"1901953495160569947","Tue Mar 18 11:07:04 +0000 2025","7","sebagai kakak tentu sja aku bangga adekku lulus snbp terima kasih ya Allah.. https://t.co/ZY8uf150dM","1901953495160569947","https://pbs.twimg.com/media/GmUYn5pbkAAL91b.jpg","","in","","0","12","0","https://x.com/joshuamybbae/status/1901953495160569947","1745406776869273600","joshuamybbae"
"1901964475609305216","Tue Mar 18 11:50:42 +0000 2025","5595","ALHAMDULILLAH LOLOS FSRD ITB JALUR SNBP gak nyangka tapi pusing juga https://t.co/INA0VJZvVW","1901964475609305216","https://pbs.twimg.com/media/GmUimTTacAA0Csr.jpg","","in","Earth ","78","80","340","https://x.com/flowysketchy/status/1901964475609305216","1325679882173521920","flowysketchy"
"1901922047359590564","Tue Mar 18 09:02:06 +0000 2025","32550","AKU JADI DOKTER PERTAMA DI KELUARGA","1901922047359590564","","","in","","743","1014","1617","https://x.com/aelclementine/status/1901922047359590564","1556243973630742529","aelclementine"
"1901948625686556851","Tue Mar 18 10:47:43 +0000 2025","728","HELLOW HELLOOOOW. Alhamdulillah aku masuk ITB FSRD-C jalur SNBP ‚ï∞‚Å†(‚Å†‚∏ù‚Å†‚∏ù‚Å†‚∏ù‚Å†¬¥‚Å†Íí≥‚Å†`‚Å†‚∏ù‚Å†‚∏ù‚Å†‚∏ù‚Å†)‚Å†‚ïØÔ∏èÔ∏èÔ∏è #portofoliosnbp2025 https://t.co/0Xq79KjWbF","1901948625686556851","https://pbs.twimg.com/media/GmUUMOcbgAAX_2G.jpg","","in","masih esemah","4","23","78","https://x.com/fulushoo/status/1901948625686556851","1776731535728865280","fulushoo"
"1901854080764719205","Tue Mar 18 04:32:02 +0000 2025","47","Tutorial masuk UGM : 1. Daftar ITB di snbp 2. Daftar ITB di utbk https://t.co/4BVsqbZSYO","1901854080764719205","https://pbs.twimg.com/media/GmS-NHBaYAAAOxX.jpg","","in","","0","14","1","https://x.com/dpublic05/status/1901854080764719205","1729203814446903296","dpublic05"
"1901618172006117717","Mon Mar 17 12:54:37 +0000 2025","13","SIAPA OOMF YG BAKAL PENGUMUMAN SNBP BESOK?? semoga kalian ngiutin nasibku ditanggal 27 maret 2024 ya https://t.co/zGQz8Xu3pc","1901618172006117717","https://pbs.twimg.com/media/GmPnpZ_bAAAl8Se.jpg","","in","dnfwc pelase! ","0","9","0","https://x.com/wawannmedan/status/1901618172006117717","1799733144511504384","wawannmedan"
"1901913470779678904","Tue Mar 18 08:28:01 +0000 2025","209","MAMAAA AKU LOLOS SNBP ADBIS UB TERIMA KASIH YA ALLAH AKU IKUT RABRAW 2025 HIHIII MALANG SEE YOU BULAN AGUSTUS YAA #adbisub jaya jaya https://t.co/blogZg7Esl","1901913470779678904","https://pbs.twimg.com/media/GmT0OMDbwAA7984.jpg","","in","fia adbis'¬≤‚Å¥","0","34","7","https://x.com/naaedia/status/1901913470779678904","1254889960223563776","naaedia"
"1901213946318877017","Sun Mar 16 10:08:22 +0000 2025","7182","haloo aku ijin share doa yang bisa kalian baca menjelang dan saat membuka pengumuman snbp yaa ‚ÄºÔ∏è‚ÄºÔ∏è https://t.co/zLUWbNIq71","1901213946318877017","https://pbs.twimg.com/media/GmJ4AL8bYAIVnGv.jpg","","in","haechan gf","25","24","1745","https://x.com/occyeansnic/status/1901213946318877017","1793413918909681664","occyeansnic"
"1902281447685099606","Wed Mar 19 08:55:06 +0000 2025","19618","@sbmptnfess kan aku dah kate snbp itu goib segoib goibnya banyak aspek dan faktor yang memengaruhi mungkin prestasimu banyak tapi bagaimana dengan aspek sekolah dan kualitas alumni? walau bagus juga tidak serta merta itu akan menjamin 100% lolos","1902282671058825725","","sbmptnfess","in","Universitas Ganyang Mulyono ","21","19","497","https://x.com/pogungenjoyer/status/1902282671058825725","1471909575951413250","pogungenjoyer"
"1902688302152794206","Thu Mar 20 11:46:56 +0000 2025","212",".Ô∏é MINI GIVEAWAY JAYKE LIVE ›ÅÀñ BERHUBUNG JAYKE LIVE BARENG TADI DISAAT AKU PUSING NGURUSIN MABA SNBP aku mau ngadain giveaway saldo recehan buat 2 orang rules : .Ô∏é only for ENGENE .Ô∏é like &amp; RT tweet ini .Ô∏é reply sesuka kalian yaw&lt;3 end 21/03 https://t.co/9fn1Ym1zs7","1902688302152794206","https://pbs.twimg.com/media/Gme07D_bMAA4UaZ.jpg","","in","fan acc","1","160","172","https://x.com/jaeyunsf/status/1902688302152794206","1083595745565990913","jaeyunsf"
"1901910983087661109","Tue Mar 18 08:18:08 +0000 2025","13","sudah waktunya https://t.co/Hz1uVjzTni","1901910983087661109","https://pbs.twimg.com/media/GmTx9LKboAATFwC.jpg","","in","she/her","0","39","1","https://x.com/smilikitiiww/status/1901910983087661109","1804332099715108867","smilikitiiww"
"1901925473082368112","Tue Mar 18 09:15:43 +0000 2025","20880","kamu ga lolos snbp??tenangada yang namanya snbt lohhah???Ô∏èÔ∏èÔ∏èsnbt???iyaa snbtÔ∏èÔ∏èÔ∏èAAH SNBTÔ∏èÔ∏èÔ∏èGUA MUAK ANJING dadah snbp hai snbtÔ∏èÔ∏è aku mau nyiumin aroma wanginya PM AAAAH~Ô∏èÔ∏èÔ∏èudah?? udah. HU HA HU HA HU HA","1901925473082368112","","","in","","301","104","4192","https://x.com/russellisasi/status/1901925473082368112","1267988431814029313","russellisasi"
"1902632441409630310","Thu Mar 20 08:04:57 +0000 2025","63","Kelakuan gen z ketika pengumuman snbp: https://t.co/IyvCtyFPQu","1902632441409630310","https://pbs.twimg.com/ext_tw_video_thumb/1902632368789450758/pu/img/m69lKb_eU5MvUZxW.jpg","","in","Washington, DC","0","66","0","https://x.com/howluckyfifii/status/1902632441409630310","1500362332513337346","howluckyfifii"
"1902365761445707902","Wed Mar 19 14:25:16 +0000 2025","3081","[snbt] aku baru start belajar sekarang dan nilai aku anjlok di ppu pbm dan pk apakah ada solusi/strategi buat bisa ngejar materi? https://t.co/2pN55rqyBU","1902365761445707902","https://pbs.twimg.com/media/GmaPk-wW0AAwTab.jpg","","in","kirim menfess üëâ","11","56","186","https://x.com/snbtfess/status/1902365761445707902","1515005472146812932","snbtfess"
"1902280549349081107","Wed Mar 19 08:46:40 +0000 2025","3873","praying circle : Ô∏è Ô∏è Ô∏è Ô∏è PASTI Ô∏è Ô∏è LOLOS SNBT Ô∏è Ô∏è 2025 Ô∏è Ô∏è Ô∏è Ô∏è","1902280549349081107","","","en","Jakarta","32","15","2143","https://x.com/utbkcak/status/1902280549349081107","1304292109470498816","utbkcak"
"1901906260683042894","Tue Mar 18 07:59:22 +0000 2025","413"," Leaderboard Try Out UTBK SNBT 8 SainsIn Sebelum melihat pengumuman SNBP sore ini mari kita melihat leaderboard try out 8 terlebih dahulu. Pada leaderboard kali ini terdapat juga informasi mengenai pilihan kampus dan jurusan yang paling banyak dipilih oleh peserta. Btw https://t.co/e3K2yLILZW","1901906260683042894","https://pbs.twimg.com/media/GmTtlucbkAAIXPW.jpg","","in","","11","7","177","https://x.com/sainsinaja/status/1901906260683042894","1147705432628088832","sainsinaja"
"1901900449160257883","Tue Mar 18 07:36:17 +0000 2025","90","10 PTN yang menerima siswa terbanyak di SNBP 2025 PTN pilihan kamu nomor berapa? https://t.co/3TOu6KvyNg","1901900449160257883","https://pbs.twimg.com/media/GmToLSbbsAA-GpT.jpg","","in","","11","3","4","https://x.com/infotembusptn/status/1901900449160257883","883498040","infotembusptn"
"1900855615112835281","Sat Mar 15 10:24:29 +0000 2025","650","Jadwal UM UGM 2025 siapa yang ada rencana untuk daftar ini? Ada yang baru juga nih terkait tes yang diujikan. https://t.co/67kYngGWhf","1900855615112835281","https://pbs.twimg.com/media/GmExw_ZbcAA1zGP.png","","in","Jakarta","30","15","83","https://x.com/utbkcak/status/1900855615112835281","1304292109470498816","utbkcak"
"1902004876680581221","Tue Mar 18 14:31:14 +0000 2025","1078","buat adek adek yang gagal snbp WKWKKWKWK gpp kok. Dulu gw juga nekad nembak fasilkom ui dengan rata rata 85 rank eligible 22 dan 1 pilihan doang. Tapi Tuhan punya rencana lain diizinkan masuk teknik biomedik dengan skor UTBK tertinggi di sma gw semangat ya dek yak. https://t.co/HpcNHuz3Ms","1902004876680581221","https://pbs.twimg.com/media/GmVHWw9agAA3N5r.jpg","","in","Jakarta","7","21","29","https://x.com/nutcrackerel/status/1902004876680581221","1555738098272993282","nutcrackerel"
"1902061208716345721","Tue Mar 18 18:15:05 +0000 2025","32861"," Adekku tadi ngasih tau kalo dia gak lolos snbp. Terus gak lama dia nanya Skripsi kakak belom di acc? Ini maksudnya dia ngajak nangis barengan kah? aku meratapi skripsi dia meratapi snbp","1902061208716345721","","","in","Indonesia","91","113","911","https://x.com/tanyakanrl/status/1902061208716345721","1331650559518990336","tanyakanrl"
"1901920629151912404","Tue Mar 18 08:56:28 +0000 2025","612","Alhamdulillah guysss terimakasih banyakkk atas doa doanya semuaaa Inpokan JJ snbp terbaru yah https://t.co/J1dNNqMWhS","1901920629151912404","https://pbs.twimg.com/tweet_video_thumb/GmT6uitagAA4GOM.jpg","","in","","1","143","10","https://x.com/cookiemu_jinnie/status/1901920629151912404","1691258804045004800","cookiemu_jinnie"
"1902353478405824703","Wed Mar 19 13:36:27 +0000 2025","1897","life after ketolak snbp sedih iya kebanyakan ngelamun juga iya","1902353478405824703","","","in","she/her'17","60","49","621","https://x.com/nanamiftsl/status/1902353478405824703","1738397496416911360","nanamiftsl"
"1902513805378441641","Thu Mar 20 00:13:32 +0000 2025","31","Budaya blacklist SNBP ini mungkin memang cuma skill issue petinggi kampus di Indonesia üáÆüá© atau Kemendikti selama ini tidak tahu Stable Matching / Stable Marriage algorithm https://t.co/600qnf5lPN","1902513805378441641","https://pbs.twimg.com/media/GmcWOEbaAAAs7Ux.jpg","","in","Singapore","2","2","5","https://x.com/ainunnajib/status/1902513805378441641","35167068","ainunnajib"
"1901918817057648723","Tue Mar 18 08:49:16 +0000 2025","47372","SERIUS ADA YANG BUKA JASA BUKAIN PENGUMUMAN SNBP!?!! ANJIR?? MIKIR GASI ITU LO KOMEN IDENTITAS LO DI PUBLIK? ISI SEMUA DATA2 LO ADA DISITU DAN ELU ENTENGNYA SEBAR DI KOMEN LIVE TIKTOK BUAT DIBUKAIN DAN DITONTON RIBUAN ORANG!?!? ORANG GAMPANG BNGT DONG AKSES DATA LU?? JNGN TOLOL! https://t.co/EGbfBZY35f","1901918817057648723","https://pbs.twimg.com/media/GmT5FUEaoAA9h7_.jpg","","in","","1549","654","3420","https://x.com/notlikeahumann/status/1901918817057648723","1768616127419285504","notlikeahumann"
"1901817960731431086","Tue Mar 18 02:08:30 +0000 2025","16","haloow semuanya‚ÄçÔ∏è tinggal h-beberapa jam lagi nih aku mau minta doa kalian semuaa semogaa aku diizinkan Allah SWT untuk lolos di SNBP 2025 teknik logistik UPIsemua doa kalian akan kembali pada kalian sendiri aku harap kita bisa saling mendoakan ya dan menjadi maba Aamiin https://t.co/twNAVbTqjD","1901817960731431086","https://pbs.twimg.com/media/GmSdWx2acAAsZv5.jpg","","in","","0","5","0","https://x.com/pawiesby/status/1901817960731431086","1503696060283179009","pawiesby"
"1901907512158548366","Tue Mar 18 08:04:21 +0000 2025","573","SELAMAT YANG LOLOS SNBP 2025 ini pemandangan kalian kalau lolos snbp terus masuk ugm! https://t.co/bo0TzzpbzF","1901907512158548366","https://pbs.twimg.com/media/GmTuyBDa4AAsZt1.jpg","","in","she/her","6","2","58","https://x.com/tetrakosana/status/1901907512158548366","1596666340773097472","tetrakosana"
"1902984821418217508","Fri Mar 21 07:25:11 +0000 2025","977","stud! GUYS BENERAN KAH?!?! demi apasih https://t.co/mP8LdsdvGZ","1902984821418217508","https://pbs.twimg.com/media/GmjCnDcWMAAUk_W.jpg","","in","kirim menfess üëâ","24","71","32","https://x.com/snbtfess/status/1902984821418217508","1515005472146812932","snbtfess"
"1902076325281853578","Tue Mar 18 19:15:09 +0000 2025","1920","[snbt] ini gimana ya cara ngerjainnya https://t.co/FzABe53duM","1902076325281853578","https://pbs.twimg.com/media/GmWIVmyWwAAfzo4.jpg","","in","kirim menfess üëâ","9","18","180","https://x.com/snbtfess/status/1902076325281853578","1515005472146812932","snbtfess"
"1901861963920994554","Tue Mar 18 05:03:21 +0000 2025","107","Lebaran tinggal itungan hari Mau spill rekomendasi sandal cantik bisa kepake buat hari raya kondangan kuliah buat yg lolos snbp elegan under 100k A Thread https://t.co/yxNwfuDZWl","1901861963920994554","https://pbs.twimg.com/media/GmTFYJhbUAAYiT1.jpg","","in","","0","1","100","https://x.com/MaroonDaily/status/1901861963920994554","1483993284213354496","MaroonDaily"
"1902782226430906401","Thu Mar 20 18:00:09 +0000 2025","2395","stud! ini caranya gimana yah? tlong jelasin pake bahasa bayi pls https://t.co/nougygxAd5","1902782226430906401","https://pbs.twimg.com/media/GmgKWa3W0AAXlt5.jpg","","in","kirim menfess üëâ","73","107","170","https://x.com/snbtfess/status/1902782226430906401","1515005472146812932","snbtfess"
"1901508475399852135","Mon Mar 17 05:38:43 +0000 2025","1496","Siapa yang udah nggak sabar Lolos SNBP 2025 &amp; jadi bagian dari Triwarna Muda 2025‚ÅâÔ∏è https://t.co/XVw1K4JThV","1901508475399852135","https://pbs.twimg.com/media/GmOD4O3aIAA3XtT.jpg","","in","Depok, Indonesia","28","29","132","https://x.com/BEM_VokasiUI/status/1901508475399852135","1860722526672003072","BEM_VokasiUI"
"1901928313012310326","Tue Mar 18 09:27:00 +0000 2025","20","GUYSS ALHAMDULILLAHHH GIZI UNAIR AKU READYYYYY!!!! PLS YG DISINI JUGA REPLY PLS GA ADA TEMENNNNN #snbp #unair #gizi https://t.co/ln0VM2aLeT","1901928313012310326","https://pbs.twimg.com/media/GmUBt8OagAAOamm.jpg","","in","Cowok fantasi ‚Äî(she/her) 07l","1","21","0","https://x.com/junwmins/status/1901928313012310326","1385524100890722310","junwmins"
"1901992664427569535","Tue Mar 18 13:42:43 +0000 2025","3458","perkara snbp https://t.co/GBt8NgIoQD","1901992664427569535","https://pbs.twimg.com/media/GmU7MacbYAAoR6q.jpg","","tl","sometimes bxg rps","73","2","292","https://x.com/wwingko/status/1901992664427569535","747651288637243396","wwingko"
"1901960358065213827","Tue Mar 18 11:34:20 +0000 2025","19","SMA gua yang keterima SNBP 72 org tapi yg undip 1 tok anjg https://t.co/bpk9UIhozY","1901960358065213827","https://pbs.twimg.com/media/GmUe2qGawAEAVlS.jpg","","in","","0","6","1","https://x.com/jadihans/status/1901960358065213827","995168181810483202","jadihans"
"1901885002616639654","Tue Mar 18 06:34:54 +0000 2025","179","Selamat datang adik-adik IPB University angkatan 62 jalur SNBP! Jangan lupa remake pose iconic bapak rektor kta agar menjadi ipbnesian sejati #anjaygurinjay https://t.co/hx7Bhs7cat","1901885002616639654","https://pbs.twimg.com/media/GmTaUg_bMAAmNgr.jpg","","in","on the lilypad","2","10","4","https://x.com/omouricee/status/1901885002616639654","1115537185812426752","omouricee"
"1903038937112948933","Fri Mar 21 11:00:14 +0000 2025","58","[snbt] cara dapet tepung 60 gula 30 dari mana yah? https://t.co/Fkl2iImsc4","1903038937112948933","https://pbs.twimg.com/media/Gmjz0_RXgAIAxZ-.jpg","","in","kirim menfess üëâ","2","7","4","https://x.com/snbtfess/status/1903038937112948933","1515005472146812932","snbtfess"
"1901926138106229046","Tue Mar 18 09:18:22 +0000 2025","716","abis meeting di kantor terus buka grup keluarga... langsung nangis karena adekku keterima snbp https://t.co/Sz2uF6AnxA","1901926138106229046","https://pbs.twimg.com/media/GmT_u_maIAEdYke.jpg","","in","","1","19","19","https://x.com/flocalist/status/1901926138106229046","1351495754553065472","flocalist"
"1901898789482631350","Tue Mar 18 07:41:26 +0000 2025","48","PRODI TERKETAT DI PTN VOKASI &amp; PTN AKADEMIK pilihan prodinya variatif bgt nih. mulai dr ilmu komunikasi farmasi hingga tataboga https://t.co/1mYVHhAVRG","1901901747708387524","https://pbs.twimg.com/media/GmTpOsPaUAAqTUt.jpg","utbkcak","in","Jakarta","17","1","3","https://x.com/utbkcak/status/1901901747708387524","1304292109470498816","utbkcak"
"1902038077020999800","Tue Mar 18 16:43:10 +0000 2025","10801","Tidak bermaksud merusak euforia SNBP tpi buat teman2 yang baru saja diterima khususnya ke ITB. Daripada belajar materi lebih baik belajar dan tahu bahwa cara paling gampang menghancurkan diri sendiri adalah dengan membandingkan diri dgn org lain.","1902038077020999800","","","in","","129","28","1256","https://x.com/matthewhoser/status/1902038077020999800","1281598789891981313","matthewhoser"
"1902001298280681950","Tue Mar 18 14:17:01 +0000 2025","386","erine dan snbp #woonerin one tweet https://t.co/mi2FjgqISq","1902001298280681950","https://pbs.twimg.com/media/GmVEFoHbAAAkCFA.jpg","","en","rps/f","10","1","61","https://x.com/nadizws/status/1902001298280681950","1694356179068260352","nadizws"
"1902930714162610207","Fri Mar 21 03:50:11 +0000 2025","59","stud! Kak ada yang tau gimana cara ngerjainya https://t.co/BRF3USnKdS","1902930714162610207","https://pbs.twimg.com/media/GmiRZkvXkAAftPC.jpg","","in","kirim menfess üëâ","0","2","8","https://x.com/snbtfess/status/1902930714162610207","1515005472146812932","snbtfess"
"1901911499293298864","Tue Mar 18 08:20:11 +0000 2025","34","gaya wajib petantang petenteng #snbp https://t.co/aUqxDhKQrX","1901911499293298864","https://pbs.twimg.com/media/GmTybaTbwAAVemG.jpg","","in","Koja, Indonesia","0","11","1","https://x.com/zasadorable/status/1901911499293298864","1432351195742420993","zasadorable"
"1901902293211181441","Tue Mar 18 07:43:36 +0000 2025","2877","·ó™O·ó∞ ·íç·ó©TI·ó∞ ·ëéI·ïº ·ó∑O’è’è ·ë≠·ó©·í™I·ëéG ·ó∑·ó©·ëéY·ó©Œö ·ó™ITE·ñáI·ó∞·ó© ’è·ëé·ó∑·ë≠ https://t.co/e5lmkxVlHx","1901902293211181441","https://pbs.twimg.com/media/GmTqCm5akAA-aIA.jpg","","und","","133","76","118","https://x.com/infotembusptn/status/1901902293211181441","883498040","infotembusptn"
"1901854906295705939","Tue Mar 18 04:35:19 +0000 2025","7884","[snbt] gimana cara kalian memahami pola begini... https://t.co/dzDsfTxiQ2","1901854906295705939","https://pbs.twimg.com/media/GmS-9TuWMAAusyG.jpg","","in","kirim menfess üëâ","75","72","580","https://x.com/snbtfess/status/1901854906295705939","1515005472146812932","snbtfess"
"1887468426702299463","Thu Feb 06 11:48:35 +0000 2025","134","Guru MAN 1 Lamongan Gebrak Meja Saat Siswa Protes soal SNBP Kepala Sekolah Angkat Bicara https://t.co/zAkKB6GFqz","1887468426702299463","https://pbs.twimg.com/media/GjGib5pbIAAYtv9.jpg","","in","Jakarta","21","57","44","https://x.com/kompascom/status/1887468426702299463","23343960","kompascom"
"1900595319424848268","Fri Mar 14 17:10:10 +0000 2025","5","katanya kalo kampus sama jurusan yg kita pilih disini gaada berarti gabisa pke kipk? dan aku cek ternyata jurusan+kampus yg mau aku ambil di snbp gada disini (spig/saig upi) aku jadi takut kalo keterima snbp aku gabisa kalo gapake kipk huhuu tolong notice sender ptn! https://t.co/UYgSHybwK3","1900595319424848268","https://pbs.twimg.com/media/GmBFXsbXAAAVSjI.jpg","","in","RULES üëâ","0","2","0","https://x.com/sbmptnfess/status/1900595319424848268","1205629250423779328","sbmptnfess"
"1901937572194197635","Tue Mar 18 10:03:48 +0000 2025","5295","Alhamdulillah yaallah keterima SNBP beneran ga nyangka tangan aku sampe gemeter https://t.co/W4U4bD3GyA","1901937572194197635","https://pbs.twimg.com/media/GmUKIulbUAAvyiG.jpg","","in","ify ","246","272","508","https://x.com/ijbology/status/1901937572194197635","1791710998061355008","ijbology"
"1901908729030914208","Tue Mar 18 08:09:11 +0000 2025","3852","GA NYANGKA SNBP https://t.co/5vPvXeVonw","1901908729030914208","https://pbs.twimg.com/media/GmTv0z7aUAAxLOA.jpg","","tl","Manchester, England","59","139","135","https://x.com/ssharchive/status/1901908729030914208","1410801958093393920","ssharchive"
"1902630075545313600","Thu Mar 20 11:12:54 +0000 2025","2989","guys nambah keinget lg tb2 (sama dibantu diingetin sm org2 di reply pls feel free buat tambahin lg kalo ada yang kurang) - sertifikat ganda - minyak goreng di oplos - beras 5kg ga sesuai takaran - pelantikan ASN ditunda - guru lalai murid2 gabisa daftar snbp (bonus news:","1902679740261237150","","Dwynna_Win","in","","3","20","465","https://x.com/Dwynna_Win/status/1902679740261237150","614218980","Dwynna_Win"
"1901990625211494437","Tue Mar 18 13:34:36 +0000 2025","4627","Hari ini pengumuman SNBP. Buat yang lolos selamat! Tapi kalau kamu gagal...Jangan putus semangat yaa. Rasanya pasti pahit tapi tenang SNBT masih ada di depan mata! Aku bakal kasih strategi biar kamu bisa ngejar SNBT dalam 1 bulan. Tolong saling berbagi dengan RT yaa https://t.co/DWnNHrOe0G","1901990625211494437","https://pbs.twimg.com/media/GmU6ZLibUAA0R1J.jpg","","in","surviving at medstudü©∫","7","4","831","https://x.com/meltodicc/status/1901990625211494437","1804399839821860864","meltodicc"
"1901890508634591463","Tue Mar 18 06:56:47 +0000 2025","46","hai hi ui snbp 25 katingmu lagi pusing kuis pihi https://t.co/85dpRkB04u","1901890508634591463","https://pbs.twimg.com/media/GmTfVUFaoAAKYtE.jpg","","in","they | ir ui '24","2","6","1","https://x.com/cheriephaka/status/1901890508634591463","1848694855733809152","cheriephaka"
"1901915805522211059","Tue Mar 18 08:37:18 +0000 2025","1493","AKUUU.... LULUSS..... IPBBBB..... https://t.co/aCNuPSXMwd","1901915805522211059","https://pbs.twimg.com/media/GmT2WCbaoAAtqdW.jpg","","in","IPBü´∂","8","131","47","https://x.com/_Hzeralia/status/1901915805522211059","1776941439295127552","_Hzeralia"
"1901976101523804405","Tue Mar 18 12:36:54 +0000 2025","2858","ternyata bisa bikin trend ini.. https://t.co/zjQUvR2z7m","1901976101523804405","https://pbs.twimg.com/ext_tw_video_thumb/1901975945323651072/pu/img/RmYTzXIepdmoUUlB.jpg","","in","","16","46","71","https://x.com/aleagamada/status/1901976101523804405","1697589757583441920","aleagamada"
"1901597149827350923","Mon Mar 17 11:31:05 +0000 2025","2053","mini clip of my ptn journey believe me guys ketolak snbp dan gagal masuk ptn impian bukan akhir dari segalanya kok. be brave for whatever the result is tomorrow 25! https://t.co/Q0q7Qfu1cw","1901597149827350923","https://pbs.twimg.com/ext_tw_video_thumb/1901597057477210112/pu/img/13R71pf8LMO7Bnj-.jpg","","in","üî±'24","9","18","84","https://x.com/liveliey/status/1901597149827350923","1498941295640776705","liveliey"
"1901971820691284190","Tue Mar 18 12:19:53 +0000 2025","215","TEMAN TEMANN alhamdulillah aku lulus snbp psikologi undip ‚ÄçÔ∏è‚ÄçÔ∏è terima kasih banyak atass doa dan dukungan kaliann semoga jalan kalian menuju ptn itu dimudahkan oleh allah yaaa semangat untuk kita semuaaa https://t.co/hLoc7jj9As","1901971820691284190","https://pbs.twimg.com/media/GmUpSlOa0AAuk5W.jpg","","in","","1","31","9","https://x.com/amourashea/status/1901971820691284190","1255016792180715521","amourashea"
"1901927693702279597","Tue Mar 18 09:24:32 +0000 2025","5542","lolos snbp di hari ulang tahun yang ke-17! alhamdulillah https://t.co/s5hLOhVnbK","1901927693702279597","https://pbs.twimg.com/media/GmUBJ4jaAAArzAS.jpg","","in","","66","387","190","https://x.com/camabajojga/status/1901927693702279597","1852745383476432896","camabajojga"
"1901666654842716367","Mon Mar 17 16:07:16 +0000 2025","201","Hello yg boba seribu rupiah 1 446 jt oktober 2025 juni 2025 snbp #BibirYangTelahDicuri pagii pagiii siang https://t.co/GAXBPlFR8e https://t.co/vtVAUj8bBj","1901666654842716367","https://pbs.twimg.com/amplify_video_thumb/1901666645099294720/img/pCTcEFrfblYrdt4P.jpg","","in","","0","57","48","https://x.com/uniceorms/status/1901666654842716367","2533459520","uniceorms"
"1901900811325808958","Tue Mar 18 07:37:43 +0000 2025","4232","10 PRODI PTN AKADEMIK TERKETAT https://t.co/CChxgnTpYa","1901900811325808958","https://pbs.twimg.com/media/GmToj00bkAAaZy3.jpg","","in","Jakarta","346","114","134","https://x.com/utbkcak/status/1901900811325808958","1304292109470498816","utbkcak"
"1901914465739866281","Tue Mar 18 08:31:59 +0000 2025","185","buka jasa buka snbp BIRU COYY DAPET IPB https://t.co/vrYoGGW3vO","1901914465739866281","https://pbs.twimg.com/media/GmT1IIgasAAb2cT.jpg","","in","","1","7","0","https://x.com/allaboutziee/status/1901914465739866281","1578704825017303040","allaboutziee"
"1902757075836448782","Thu Mar 20 16:20:13 +0000 2025","562","[snbt] ini premis nya gimana yaa kurang pahamm https://t.co/qrb5jjjhZ4","1902757075836448782","https://pbs.twimg.com/media/GmfzeaIXMAA2463.jpg","","in","kirim menfess üëâ","16","32","30","https://x.com/snbtfess/status/1902757075836448782","1515005472146812932","snbtfess"
"1901908943280214193","Tue Mar 18 08:10:02 +0000 2025","8057","ALHAMDULILLAH YA ALLAH SNBP AKU BIRU LOLOS PIL 1 https://t.co/qAX5mhLL9G","1901908943280214193","https://pbs.twimg.com/media/GmTwF1ybgAAznvg.jpg","","in","they/them | enby | 19","114","312","296","https://x.com/ssugilitee/status/1901908943280214193","1368264221343936512","ssugilitee"
"1902291007753859490","Wed Mar 19 09:28:13 +0000 2025","1691","setelah pengumuman snbp aku jadi : - Dingin - Kejam - Psikopat - tidak suka bergaul","1902291007753859490","","","in","personal account. ","26","8","609","https://x.com/samgoestouipb/status/1902291007753859490","1805108268450357248","samgoestouipb"
"1903040192006836256","Fri Mar 21 11:05:13 +0000 2025","6","[snbt] ini tuh gimana sih jadi maksudnya? kalo % nya makin kecil itu keketatannya besar dan peluang masuk kecil? atau sebaliknya? malah kalo % kecil itu keketatannya kecil dan peluang masuk besar? https://t.co/s6tW90ZDCg","1903040192006836256","https://pbs.twimg.com/media/Gmj0-BeXUAAVSbb.jpg","","in","kirim menfess üëâ","0","5","0","https://x.com/snbtfess/status/1903040192006836256","1515005472146812932","snbtfess"
"1900560118552400181","Fri Mar 14 14:50:17 +0000 2025","1476","stud! ada yang tau ga cara nya gimanaa https://t.co/z4K9a1oc2t","1900560118552400181","https://pbs.twimg.com/media/GmAlWu3WMAAwr-r.jpg","","in","kirim menfess üëâ","11","18","157","https://x.com/snbtfess/status/1900560118552400181","1515005472146812932","snbtfess"
"1901915717328388311","Tue Mar 18 08:36:57 +0000 2025","2833","Yaampunn. FH udah mulai ngandelin AI buat desain postingan braw! Btw selamat yang lolos SNBP https://t.co/6RmtRKqT7A","1901915717328388311","https://pbs.twimg.com/media/GmT2Q-1WsAAJE6c.jpg","","in","","148","145","68","https://x.com/mfs_ub/status/1901915717328388311","3281640667","mfs_ub"
"1902233649199624667","Wed Mar 19 05:40:18 +0000 2025","2114","Halo temen temennn. Ada yang bisa bantu sender jawab soal ini kahh? Thank you stud! Sukses selalu semuanya &lt;3 https://t.co/XsQOwvXGyC","1902233649199624667","https://pbs.twimg.com/media/GmYXa_SWsAA5tHq.jpg","","in","kirim menfess üëâ","33","31","163","https://x.com/snbtfess/status/1902233649199624667","1515005472146812932","snbtfess"
"1901907262353883538","Tue Mar 18 08:03:21 +0000 2025","1589","GUYSS AKU LOLOS SNBP SASING UPIII HUHUUU https://t.co/90drwYD0Ti","1901907262353883538","https://pbs.twimg.com/media/GmTuktKacAAe-fC.jpg","","tl","women‚Äôs woman","9","100","52","https://x.com/etherealuffy/status/1901907262353883538","1531244797478207488","etherealuffy"
"1900158005125275851","Thu Mar 13 12:12:26 +0000 2025","506","mohon doanya ya teman-teman semua.. semoga di tanggal 18 Maret besok aku diterima UGM semoga teman-teman semua urusannya dilancarkan yang snbp semoga juga dapat biru biru dan yang utbk semoga dimudahkan dan lolos di jurusan yang diinginkan Aamiin Allahumma Aamiin https://t.co/OgQvSXp5Pc","1900158005125275851","https://pbs.twimg.com/media/Gl63oqLaEAA4Tzi.jpg","","in","üéûÔ∏è","0","27","30","https://x.com/blzuehour/status/1900158005125275851","1573874205724409858","blzuehour"
"1901910487388098571","Tue Mar 18 08:16:10 +0000 2025","637","INFO KAN JJ SNBP https://t.co/f8HVclT63W","1901910487388098571","https://pbs.twimg.com/media/GmTxgXfa8AAz1MK.jpg","","pl","shut up you're not jungkook","0","120","11","https://x.com/jjgkkauau/status/1901910487388098571","1127419497382473728","jjgkkauau"
"1901925069862945013","Tue Mar 18 09:14:07 +0000 2025","223","Ubur-ubur ikan lele selamat datang di kampus jingga leeeee! Buat kamu yang diterima di FISIP UI lewat jalur SNBP jangan lupa buat melakukan lapor diri ya! https://t.co/ZqrKFXQ4ls","1901925069862945013","https://pbs.twimg.com/media/GmT-vKBbkAAuIPF.jpg","","in","Depok, Jawa Barat","25","10","38","https://x.com/BEMFISIPUI/status/1901925069862945013","99250180","BEMFISIPUI"
"1901651047401099596","Mon Mar 17 15:05:15 +0000 2025","621","Stud! Ada yang paham tidak yaa? Terima kasih sebelumnya https://t.co/9sdK5AZn3T","1901651047401099596","https://pbs.twimg.com/media/GmQFjMpWkAA59p0.jpg","","in","kirim menfess üëâ","2","13","52","https://x.com/snbtfess/status/1901651047401099596","1515005472146812932","snbtfess"
"1901596531355979901","Mon Mar 17 11:28:37 +0000 2025","861","bismillahirrahmanirrahim sehubungan dengan 20 jam sebelum pengumuman aku memohon bantuan teman-teman sekalian untuk mendoakan aku lulus SNBP 2025 karena niscaya apabila didoakan oleh 40 orang maka doa akan dikabulkan. semoga doa yang baik juga berbalik ke kalian! https://t.co/AH0hoTsGRA","1901596531355979901","https://pbs.twimg.com/media/GmPT98vaoAAmS0z.jpg","","in","","1","67","16","https://x.com/soontobefkh/status/1901596531355979901","1778722821642018817","soontobefkh"
"1901908119502119401","Tue Mar 18 08:06:46 +0000 2025","797","Puji Tuhan lolos SNBP https://t.co/Pe53EzEupf","1901908119502119401","https://pbs.twimg.com/media/GmTvWtEbEAAE-Zd.jpg","","fi","MABA PBPRANCIS UNY 25","3","28","26","https://x.com/VinceNTetVOX/status/1901908119502119401","1408590358607392770","VinceNTetVOX"
"1901947274907021777","Tue Mar 18 10:42:21 +0000 2025","3210","di sini ada ga yang baru mau mulai belajar buat utbk? soalnya aku baru mau mulai belajar untuk utbk karena aku terlalu berharap ke snbp btw moots yukk","1901947274907021777","","","in","","6","354","104","https://x.com/ayyuSsabila_/status/1901947274907021777","1750056504848527360","ayyuSsabila_"
"1900907134931660879","Sat Mar 15 13:49:12 +0000 2025","2381","aku berharap banget buat lolos snbp 18 maret besok biar ngga tes dan ngga ngebebanin ortuku banget i'm really trying to be the first doctor in my family.","1900907134931660879","","","in","","26","42","365","https://x.com/aelclementine/status/1900907134931660879","1556243973630742529","aelclementine"
"1901545798824837150","Mon Mar 17 08:07:02 +0000 2025","1298","Besok banget pukul 15.00 WIB. Coba tulis doamu dengan lengkap di reply/quote. https://t.co/zEloaVZRYv","1901545798824837150","https://pbs.twimg.com/media/GmOlmMvbgAEYpp8.png","","in","Jakarta","98","191","102","https://x.com/utbkcak/status/1901545798824837150","1304292109470498816","utbkcak"
"1901987974142689431","Tue Mar 18 13:24:04 +0000 2025","2645","‚ÅâÔ∏èBelajar PK Mulai dari Mana? (H-1 Bulan UTBK) Gagal SNBP emang nyesek banget apalagi kalau lihat orang tua sedih. Tapi yg paling penting sekarang adalah: Bangkit &amp; Fokus ke UTBK SNBT! A Thread https://t.co/mNdduyRkbr","1901987974142689431","https://pbs.twimg.com/media/GmU0bi1bQAAMmAE.jpg","","in","Surabaya","1","3","544","https://x.com/semapoid/status/1901987974142689431","1751977978547032064","semapoid"
"1901908181556818392","Tue Mar 18 08:07:00 +0000 2025","411","attack on titan few tweets ikutan jj snbp https://t.co/xoMC368sf5","1901908181556818392","https://pbs.twimg.com/media/GmTvaWcaAAAHMTr.jpg","","tl","mostly aot n bllk.","6","1","108","https://x.com/infjohan/status/1901908181556818392","1645088854607790080","infjohan"
"1901907033214828575","Tue Mar 18 08:02:27 +0000 2025","1725","WOY SNBP GWEH LOLOS ITS https://t.co/NQSyORTUYh","1901907033214828575","https://pbs.twimg.com/media/GmTuXKVbgAA_dny.jpg","","tl","sub","10","143","57","https://x.com/p11scxx/status/1901907033214828575","1481327621841764354","p11scxx"
"1901907168808591805","Tue Mar 18 08:02:59 +0000 2025","17206","ALHAMDULILLAH YA ALLAH AKU LULUS SNBP https://t.co/oziDHOo7Ng","1901907168808591805","https://pbs.twimg.com/media/GmTufLMbQAAvbKP.jpg","","in","Toarushi, Japan","817","1042","1262","https://x.com/hyakuriiinnnnnn/status/1901907168808591805","1522400996546146304","hyakuriiinnnnnn"
"1901478659157823827","Mon Mar 17 03:40:14 +0000 2025","2","ptn! sekedar info di snbp 2024 sebagian jurusan undiksha nerima pilihan 2 kalau nilainya tinggi sebagian lainnya ga mau dijadiin pilihan 2 kecuali kalau belum penuh sama pilihan 1. https://t.co/6eBHgddJI6","1901478659157823827","https://pbs.twimg.com/media/GmNow1nWQAA_i1Z.jpg","","in","RULES üëâ","0","0","0","https://x.com/sbmptnfess/status/1901478659157823827","1205629250423779328","sbmptnfess"
"1902697936091259161","Thu Mar 20 12:25:13 +0000 2025","1118","stud! ini gmn ya guys https://t.co/wh11WUWdKw","1902697936091259161","https://pbs.twimg.com/media/Gme9sIqXcAAcPxG.jpg","","in","kirim menfess üëâ","17","44","87","https://x.com/snbtfess/status/1902697936091259161","1515005472146812932","snbtfess"
"1902509948392935471","Wed Mar 19 23:58:13 +0000 2025","38","TO utbk^life after ketolak snbp hihi nice try!! semoga konsisten meningkat^^ https://t.co/bZ1TpKck4V","1902509948392935471","https://pbs.twimg.com/media/GmcStana8AIgAu3.jpg","","in","Earth","0","7","0","https://x.com/leovincies/status/1902509948392935471","1765631374462242816","leovincies"
"1901921761207455932","Tue Mar 18 09:00:58 +0000 2025","15","Mau ikutan aku juga lolos SNBP tapi 4 taon lalu hehe https://t.co/5R4x3rqFxJ","1901921761207455932","https://pbs.twimg.com/media/GmT7wigawAAaHNj.jpg","","in","","0","10","1","https://x.com/knedlynn/status/1901921761207455932","1746367080889536512","knedlynn"
"1901451280859689128","Mon Mar 17 01:51:27 +0000 2025","1432","H-1 Pengumuman SNBP‚ÄºÔ∏è Udah siap jadi maba Unpad jalur SNBP belum?? https://t.co/jupzpIxjPo","1901451280859689128","https://pbs.twimg.com/media/GmNP3QwakAAcL4-.jpg","","in","Jatinangor","46","270","204","https://x.com/anakdotunpad/status/1901451280859689128","382175669","anakdotunpad"
"1901907640164458503","Tue Mar 18 08:04:51 +0000 2025","799","maaf gagal Ô∏èÔ∏è https://t.co/aDICwZ7O6H","1901907640164458503","https://pbs.twimg.com/media/GmTu6s-aIAAoqji.jpg","","in","ñ§ê¬†Mildangz‚ùú Homophobic DNI‚ùóÔ∏è","2","240","3","https://x.com/sunghoonieyz/status/1901907640164458503","1337917462361227269","sunghoonieyz"
"1901905978548977969","Tue Mar 18 07:58:15 +0000 2025","15","Prodi Terketat di SNBP 2025 https://t.co/Q7ODj7ofDc","1901905978548977969","https://pbs.twimg.com/media/GmTtWgAbAAAdWLE.jpg","","tl","Surabaya","0","0","1","https://x.com/AnaliticaId/status/1901905978548977969","1592351605403561984","AnaliticaId"
"1901921976844775555","Tue Mar 18 09:01:49 +0000 2025","467","GAIS ALHAMDULILLAH AKU KETERIMA SNBP Allah baik bangett sekaliann yang juga di FH UNS mutualan yuuu^^ https://t.co/KIe1eE1HIs","1901921976844775555","https://pbs.twimg.com/media/GmT79CNbAAA07vW.jpg","","in","she/her","3","39","13","https://x.com/gyuldaefin/status/1901921976844775555","1342303695556395008","gyuldaefin"
"1901876288647836103","Tue Mar 18 06:00:17 +0000 2025","2116","Stud! Ada yg tau cara simplenya? https://t.co/ldM6QTrwb0","1901876288647836103","https://pbs.twimg.com/media/GmTSZ2AXEAAYcC6.jpg","","in","kirim menfess üëâ","10","8","170","https://x.com/snbtfess/status/1901876288647836103","1515005472146812932","snbtfess"
"1902300325689885098","Wed Mar 19 10:05:15 +0000 2025","1451","Stud! Kunci jawabannya A kenapa bisa A ya guys? https://t.co/fih0Ej8gCJ","1902300325689885098","https://pbs.twimg.com/media/GmZUEDTWsAAs4VI.jpg","","in","kirim menfess üëâ","6","12","118","https://x.com/snbtfess/status/1902300325689885098","1515005472146812932","snbtfess"
"1901527758452220280","Mon Mar 17 06:55:20 +0000 2025","706","stud! ada yang tau ga ya cara ngerjain ini gimana? https://t.co/n85qK0oLcq","1901527758452220280","https://pbs.twimg.com/media/GmOVardWEAAJvJz.jpg","","in","kirim menfess üëâ","3","8","73","https://x.com/snbtfess/status/1901527758452220280","1515005472146812932","snbtfess"
"1902194618558759330","Wed Mar 19 03:05:12 +0000 2025","378","Stud! Guys ada yang tau ga 4 yg aku tandain nii dapet drimana ya? https://t.co/sL98B02eUB","1902194618558759330","https://pbs.twimg.com/media/GmXz7LzW0AAp6gH.jpg","","in","kirim menfess üëâ","3","11","36","https://x.com/snbtfess/status/1902194618558759330","1515005472146812932","snbtfess"
"1901885785655460188","Tue Mar 18 06:38:01 +0000 2025","996","Step-by-step buka pengumuman SNBP 2025 di bulan Ramadhan: 1. Jangan buka bareng teman kl bisa sendiri/sama keluarga (penjelasan di reply) 2. Karena jam 3 yg muslim aku saranin solat ashar dulu. 3. Baca surat al-baqarah 216 (pic 1) dan renungin 4. Baca doa ini (pic 2 &amp; 3) https://t.co/hLKZtN6fRk","1901885785655460188","https://pbs.twimg.com/media/GmTaOPsbYAALmz2.jpg","","in","Bandung-Jakarta","0","3","117","https://x.com/ahnafau/status/1901885785655460188","1250114172345405441","ahnafau"
"1902939521504960737","Fri Mar 21 04:25:11 +0000 2025","11","untuk orang yg blm belajar [snbt] hasil TO segini udh lumayan kan... aku masih bisa ngejar targetku kan t___t ptn! https://t.co/KuPmevSD2t","1902939521504960737","https://pbs.twimg.com/media/GmiZaOsWwAArGEj.jpg","","in","kirim menfess üëâ","0","1","0","https://x.com/snbtfess/status/1902939521504960737","1515005472146812932","snbtfess"
"1901898789482631350","Tue Mar 18 07:45:13 +0000 2025","20","Tampilan selamat dan semangat https://t.co/3Tc8MuM4W1","1901902698137739526","https://pbs.twimg.com/media/GmTqOMjaEAAmsQM.jpg","utbkcak","in","Jakarta","3","0","0","https://x.com/utbkcak/status/1901902698137739526","1304292109470498816","utbkcak"
"1901909486110908430","Tue Mar 18 08:12:11 +0000 2025","1198","Alhamdulillah ya Allah berkah ramadhan lolos snbp filkom ub https://t.co/oeWKRr6tTg","1901909486110908430","https://pbs.twimg.com/media/GmTwmHAagAApXEY.jpg","","in","","8","104","35","https://x.com/kazakazarii/status/1901909486110908430","1538486996179423232","kazakazarii"
"1901942947785888188","Tue Mar 18 10:25:09 +0000 2025","58"," no salty please :] ga boong klo pas awal aku sholat hanya karna agar lolos snbp tp lama kelamaan aku malah jd 'kecanduan' dan bhkan kalo lagi bosen pengennya tuh sholat lagi even aku udah sholat 5 waktu wkwkw :))) https://t.co/yHx7MTQk3u","1901942947785888188","https://pbs.twimg.com/media/GmUPB_zWMAAWLL7.jpg","","in","","0","5","5","https://x.com/convomf/status/1901942947785888188","1314975287294083073","convomf"
"1901588128143487263","Mon Mar 17 10:55:14 +0000 2025","1858","stud! tolong bantu kerjain ini dong guys masih bingung https://t.co/PZknWF7gJs","1901588128143487263","https://pbs.twimg.com/media/GmPMUyiWAAARL6W.jpg","","in","kirim menfess üëâ","11","7","137","https://x.com/snbtfess/status/1901588128143487263","1515005472146812932","snbtfess"
"1902947067728891922","Fri Mar 21 04:55:10 +0000 2025","609","stud! guys ada yg tau caranya ga?? https://t.co/r5C7VKSNjn","1902947067728891922","https://pbs.twimg.com/media/GmigRgAXQAAV5gA.jpg","","in","kirim menfess üëâ","1","3","54","https://x.com/snbtfess/status/1902947067728891922","1515005472146812932","snbtfess"
"1901871269211197879","Tue Mar 18 05:40:20 +0000 2025","14","Kritikan Tajam dari Koalisi Masyarakat Sipil¬†tentang Revisi UU TNI Polri hingga Kejaksaan. Krn Revisi tersebut sangat brpotensi menimbulkan tumpang tindih kewenangan &amp; abuse of power Kawal terus!! Tolak RUU Kejaksaan #TolakRevisiUUTNI Tentara Way Kanan Raya SNBP Innailaihi https://t.co/rQXxqVDTFj","1901871269211197879","https://pbs.twimg.com/media/GmTN1xgaEAA-xut.jpg","","in","Indonesia ","0","3","5","https://x.com/hope_emak/status/1901871269211197879","794216533413150720","hope_emak"
"1902316449110319595","Wed Mar 19 11:09:19 +0000 2025","160","after a long time ga niat to karna optimis snbp and decided to started again after ketolak snbp. still skor segini gabisa tembus teknik infor bissmillah utbk 800++ https://t.co/Xq96M4y3Xf","1902316449110319595","https://pbs.twimg.com/media/GmZit9aa8AE6xnH.jpg","","en","FTEIC-Informatika ITS","0","16","4","https://x.com/looverexx/status/1902316449110319595","1504769250711330818","looverexx"
"1901918053186875884","Tue Mar 18 08:46:14 +0000 2025","78","makasih ya Allah aku lolos snbp 2025 https://t.co/NcdAfLMrcM","1901918053186875884","https://pbs.twimg.com/media/GmT4Y9tbEAAvV8Q.jpg","","in","enfp-t ‚òÖ","0","15","0","https://x.com/jooyeonits/status/1901918053186875884","1415210067402493955","jooyeonits"
"1901914105000395205","Tue Mar 18 08:30:33 +0000 2025","522","terimakasih yaAllah aku jadi maba itb https://t.co/xiV2MyU8ix","1901914105000395205","https://pbs.twimg.com/media/GmT0zKmbUAAJSy0.jpg","","in","vanoe's wedding alter","9","31","18","https://x.com/overselfish/status/1901914105000395205","1380475690831597570","overselfish"
"1901385895108116604","Sun Mar 16 21:31:38 +0000 2025","1468","Bismillahirrahmanirrahim Allahumma sholli 'ala sayyidina Muhammad wa ala ali sayyidina Muhammad. Allahumma yassir wala tu'assir Ya Allah izinkanlah kami lolos snbp pada 18 Maret 2025 dan menjadi bagian dari 181.425 org tsb berikanlah kami keikhlasan apapun hasilnya Aamiin ","1901385895108116604","","","in","‡´ÆÀÉÃµ÷ä ÀÇÃµ ·Éê","13","31","482","https://x.com/cravingnoo/status/1901385895108116604","1442012435641077770","cravingnoo"
"1901908580606832884","Tue Mar 18 08:08:36 +0000 2025","18","WELCOMEEE ADEK ADEK 25 YG LOLOS SNBP DI FH UGMMMM ini dia serba serbi fh ugm https://t.co/qcl4FB6hkz","1901908580606832884","https://pbs.twimg.com/media/GmTvxAQbQAAGZ9l.jpg","","in","‚öñÔ∏è","0","2","1","https://x.com/phuwinfh/status/1901908580606832884","1727363811966074881","phuwinfh"
"1901927474944242040","Tue Mar 18 09:23:40 +0000 2025","17","WELCOME SNBP FMIPA ITB KIDS &lt;33 https://t.co/9T0zGHVT8p","1901927474944242040","https://pbs.twimg.com/media/GmUA5aJbYAAqomt.jpg","","en","","1","3","7","https://x.com/synysterical/status/1901927474944242040","1791064873675390976","synysterical"
"1901662412178346283","Mon Mar 17 15:50:24 +0000 2025","21","Alisha's study progress.Ôæü+. ÂΩ°ÂΩ°170325„Éü„Éü Study hard because i think my snbp didn't make it https://t.co/ziNe6RPtjo","1901662412178346283","https://pbs.twimg.com/media/GmQP4a4bkAAiGkU.jpg","","ja","Jawa Timur, Indonesia","0","4","0","https://x.com/mapleafts/status/1901662412178346283","1534860856663478272","mapleafts"
"1902201331831730606","Wed Mar 19 03:31:53 +0000 2025","587","[OPEN GIVE AWAY AKUN PREMIUM SNBT] Halo0ooa temen berhubung aku lolos SNBP disini aku mau open give away 3 akun premium buat belajar SNBT kalian bisa pilih mau yg mana: - Cerebrum - NF Juara - Try Out Alphastude Bagi yg berminat bisa rep yh bantu like/RT https://t.co/uHYLQdYMv9","1902201331831730606","https://pbs.twimg.com/media/GmX6BwVbEAAuiSH.jpg","","in","not fully #studytwt","2","243","254","https://x.com/anakkemant/status/1902201331831730606","1665212062342205441","anakkemant"
"1901918314722725950","Tue Mar 18 08:47:16 +0000 2025","473","LOLOOOSSS SNBP ANIMASI ISI JOGJA AAAAHFJRJEJEHE SENNEG BGTTTTTT https://t.co/04xvTNmrVl","1901918314722725950","https://pbs.twimg.com/media/GmT4oKcaUAAzW1Q.jpg","","in","18","0","49","7","https://x.com/pyuntoo/status/1901918314722725950","1763160362176974848","pyuntoo"
"1902965199965179933","Fri Mar 21 06:07:13 +0000 2025","10","Buat yang lolos SNBP PROMED / Produksi Media UI bisa hubungi line di bawah ini yaa hari ini terakhir kumpul scan rapot‚ÄºÔ∏è tg. Vokasi Universitas Indonesia https://t.co/Az0tvHm07f","1902965199965179933","https://pbs.twimg.com/media/GmiwwofaMAAZlSl.jpg","","in","Produksi Media UI'24","0","1","11","https://x.com/muchidepok/status/1902965199965179933","1793875807049515008","muchidepok"
"1902284825878523943","Wed Mar 19 09:03:39 +0000 2025","61","Haloo calon mahasiswa baru UNDIP jalur SNBP 2025 Selamat ya kalian sudah bisa sampai di titik ini. Untuk yang bertanya-tanya kapan min registrasi ulangnya? Bisa simak informasi di atas ya! Untuk informasi lengkap bisa buka link berikut: https://t.co/6SH6ZwGoy9 Sampai bertemu https://t.co/jYIhgKT1am","1902284825878523943","https://pbs.twimg.com/media/GmZF9s-aUAAXSS7.jpg","","in","Semarang","5","3","10","https://x.com/undip/status/1902284825878523943","2951332278","undip"
"1901917996622467546","Tue Mar 18 08:46:00 +0000 2025","97","awalnya saya mau Undip tpi mepet snbp saya pilih UNS eh ternyata rejekinya UPN https://t.co/LXkwKc8dHA","1901917996622467546","https://pbs.twimg.com/media/GmT4VhsacAAZtoz.jpg","","in","","0","14","2","https://x.com/Kiimmikoo/status/1901917996622467546","1513926556120653824","Kiimmikoo"
"1902138750643405072","Tue Mar 18 23:23:12 +0000 2025","210","Haloo temen-temen alhamdulillah kemarin aku lolos snbp tepat di Hari Ulang Tahun ku Aku mau menepati janji ku yaitu giveaway saldo dana 25k untuk 4 orangg (total 100k). Syaratnya cukup retweet dan komen aja harapan kalian ke depannya. Do'ain juga kuliahku lancar yaa https://t.co/xsF1UkXkx1","1902138750643405072","https://pbs.twimg.com/media/GmXBHMra8AQBYhA.jpg","","in","engineering","1","184","189","https://x.com/bejeilewed/status/1902138750643405072","1801517500095676417","bejeilewed"
"1901975701701451895","Tue Mar 18 12:35:18 +0000 2025","1946","ngebuka hasil snbp sendiri ngebuka hasil snbp pake orang random sambil di Live-in + ditonton ribuan orang kalo biru langsung heboh semua https://t.co/h5q2ekJzkw","1901975701701451895","https://pbs.twimg.com/media/GmUs0fEXwAEKLLi.jpg","","in","Indonesia","35","119","32","https://x.com/tanyarlfes/status/1901975701701451895","1371650588","tanyarlfes"
"1902368258788856237","Wed Mar 19 14:35:11 +0000 2025","779","woonih few tweets au iyan pacaran ama brondong yang lagi pengumuman snbp https://t.co/SvXkIm2W40","1902368258788856237","https://pbs.twimg.com/media/GmaR2CwawAAWZKO.jpg","","in","RPS ÏûèÎ•∏","16","2","117","https://x.com/seaofhan/status/1902368258788856237","2758465642","seaofhan"
"1901609110120095749","Mon Mar 17 12:18:36 +0000 2025","8","duluan ya teman teman snbp https://t.co/o9lzdn1Au0","1901609110120095749","https://pbs.twimg.com/media/GmPfZ_2a8AAoO5r.jpg","","in","","1","3","0","https://x.com/Ambistwt/status/1901609110120095749","1542474160844046336","Ambistwt"
"1901149754329051602","Sun Mar 16 05:53:17 +0000 2025","6789","lolos SNBP a. yay b. YAY c. yAy d. YaY LOLOS SNBP 2025 ","1901149754329051602","","","tl","","76","207","1292","https://x.com/bussygrl_/status/1901149754329051602","1543047677264666626","bussygrl_"
"1901909847052079360","Tue Mar 18 08:13:37 +0000 2025","806","Gak keterima snbp bukan akhir dari segalanya kan https://t.co/AqtAph9bnk","1901909847052079360","https://pbs.twimg.com/media/GmTw7Gib0AAnhdi.jpg","","in","","1","77","1","https://x.com/chappuchinochan/status/1901909847052079360","1567712633398370305","chappuchinochan"
"1902191564384039157","Wed Mar 19 02:53:04 +0000 2025","681","I DID IT GUYSSS PSIKOLOGI UNDIP MENERIMA CINTAKU see u dipomuda!! #snbp2025 #snbpbiru #psikologi #undip https://t.co/JsFKNqSLAd","1902191564384039157","https://pbs.twimg.com/media/GmXxJbna8AAVobJ.jpg","","in","","3","35","22","https://x.com/rennkentaro/status/1902191564384039157","1686215175924510720","rennkentaro"
"1901905874886488462","Tue Mar 18 07:57:50 +0000 2025","309","Ready cat 1 boba snbp giant almaz grok tentara Ip Man danantara mahasiswa https://t.co/fxMsawyIHP https://t.co/RkuRuNo4ky","1901905874886488462","https://pbs.twimg.com/ext_tw_video_thumb/1901905858797436929/pu/img/3x1rpEnqeU-uiaON.jpg","","in","","0","26","50","https://x.com/sweeeipings/status/1901905874886488462","4409681652","sweeeipings"
"1901911266882711557","Tue Mar 18 08:19:16 +0000 2025","4237","hehe Tuhan tau aku sanggup UTBK Ô∏è","1901911266882711557","","","in","fk brawijaya ‚≠êÔ∏è 181.425","68","55","1212","https://x.com/fkubsoon/status/1901911266882711557","1863212910111244288","fkubsoon"
"1901624641271091604","Mon Mar 17 13:20:19 +0000 2025","393","IPB udah rilis top 10 prodi favorit &amp; terketat di SNBP 2025 nihh adakah prodi pilihan kalian sch! https://t.co/beiUFjaqfz","1901624641271091604","https://pbs.twimg.com/media/GmPtiICW0AA_3Ut.jpg","","in","Kirim Menfess üëáüèª","45","31","9","https://x.com/schfess/status/1901624641271091604","1201673806156161025","schfess"
"1902665348593197459","Thu Mar 20 10:15:43 +0000 2025","385","[HELP RETWEET!! ] Berhubung aku lolos snbp aku mau lunasin nazar ku untuk giveaway diamond pahamify ini cukup untuk 14x Try Out yaa atau bisa dipakai untuk live class juga katanya! Syarat: *Like/Rt twt ini. *Rep alasan kalian kenapa perlu diamond nya ‚Äç‚ÜïÔ∏è https://t.co/8msrIrVEzF","1902665348593197459","https://pbs.twimg.com/media/GmegC-Ea4AAOPO0.jpg","","in","","6","153","173","https://x.com/prasinusj/status/1902665348593197459","1567129988142624773","prasinusj"
"1903047747554644216","Fri Mar 21 11:35:14 +0000 2025","7","[snbt] ada yg tau cara cepet kalo soal pernyataan gini di PK ga yaa? suka keluar tp masi bingung maksudnyaaa https://t.co/Xx8HrGO5YY","1903047747554644216","https://pbs.twimg.com/media/Gmj71wuXgAErFlo.jpg","","in","kirim menfess üëâ","0","1","1","https://x.com/snbtfess/status/1903047747554644216","1515005472146812932","snbtfess"
"1902156506902229477","Wed Mar 19 00:33:46 +0000 2025","81","Kalo Keluarga Saya Hanya Di Bebaskan Saya Luluh Lantakan Kejaksaan Agung. Hebat Juga Ya Militer Bintang 3! ----&gt; Jengkol Velocity IHSG SNBP RUU TNI #LeapDaySeries #TimnasDay https://t.co/wvFDjgalCm","1902156506902229477","https://pbs.twimg.com/ext_tw_video_thumb/1902156475977625603/pu/img/7OOukP42A6VMIH8r.jpg","","in","DKI Jakarta, Indonesia","2","9","28","https://x.com/dkutacimi/status/1902156506902229477","1049679704","dkutacimi"
"1901261059920695446","Sun Mar 16 13:15:35 +0000 2025","19","senengnyaaaaa nazar ku kalau lolos snbp mau ngasi apa yang ak dapat di bimbel ke mereka yang ga bimbel (temen deket aja) https://t.co/Iy9n43nMEb","1901261059920695446","https://pbs.twimg.com/media/GmKi2sNaEAA0NL1.jpg","","in","Semarang, Jawa Tengah","0","5","0","https://x.com/STEIvannnnn/status/1901261059920695446","1772971768371982336","STEIvannnnn"
"1899972833406755274","Wed Mar 12 23:56:37 +0000 2025","2973","Maaf ya SNBT Alhamdulillah ak lolos SNBP https://t.co/6jwGO3llsi","1899972833406755274","https://pbs.twimg.com/media/Gl4PNs6aIAAXBCu.jpg","","in","Europe","33","52","571","https://x.com/louusun/status/1899972833406755274","1239736131282821120","louusun"
"1901910054858899913","Tue Mar 18 08:14:27 +0000 2025","2747","ALHAMDULILLAH YA ALLAH AKU JADI MABA https://t.co/VcdZk4qt0P","1901910054858899913","https://pbs.twimg.com/media/GmTxEqybcAA2DCb.jpg","","in","caratland ","38","243","134","https://x.com/ariannnd8/status/1901910054858899913","1362365160950652929","ariannnd8"
"1902955889466003717","Fri Mar 21 05:30:13 +0000 2025","64","[snbt] ada yg bisa jelasin kenapa jadi ‚àö6 + ‚àö2? thanks https://t.co/NUw7QOmoiV","1902955889466003717","https://pbs.twimg.com/media/GmioS8aWkAAt_4W.jpg","","in","kirim menfess üëâ","0","3","4","https://x.com/snbtfess/status/1902955889466003717","1515005472146812932","snbtfess"
"1902938265365168200","Fri Mar 21 04:20:12 +0000 2025","893","[snbt] sebenernya gw orang inggris apa indo y https://t.co/ye10CNyU4C","1902938265365168200","https://pbs.twimg.com/media/GmiYRHWWgAAA8JT.jpg","","in","kirim menfess üëâ","28","58","39","https://x.com/snbtfess/status/1902938265365168200","1515005472146812932","snbtfess"
"1900580470343213502","Fri Mar 14 16:11:09 +0000 2025","549","temen-temen.. bentar lagi kann pengumuman snbp aku mau minta tolong do'anya yaaa.. :] semoga aku bisa lolos snbp 2025 di jurusan kedokteran gigi universitas brawijaya. apa pun hasilnyaa nanti semogaa aku bisa nerima dengan ikhlas dan lapang dada https://t.co/5DCIc6lZNm","1900580470343213502","https://pbs.twimg.com/media/GmA33YfaIAAxndQ.jpg","","in","she/her ‚úß enfj","2","59","10","https://x.com/1976zip/status/1900580470343213502","1540868730984759296","1976zip"
"1902470184385871938","Wed Mar 19 21:20:12 +0000 2025","2379","stud! kalo soalnya kaya gini gimana ya cara nyelesainnya? https://t.co/LXOcONqD9t","1902470184385871938","https://pbs.twimg.com/media/GmbujOKXAAA62pp.jpg","","in","kirim menfess üëâ","24","15","216","https://x.com/snbtfess/status/1902470184385871938","1515005472146812932","snbtfess"
"1902582173510631503","Thu Mar 20 04:45:13 +0000 2025","970","stud! ini gimana ya caranya teman-teman? mohon bantu https://t.co/PVp7mQVOpu","1902582173510631503","https://pbs.twimg.com/media/GmdUZ1pXEAAOrka.jpg","","in","kirim menfess üëâ","34","26","94","https://x.com/snbtfess/status/1902582173510631503","1515005472146812932","snbtfess"
"1901933760725020812","Tue Mar 18 09:48:39 +0000 2025","45","wihh aku jd anak jati nangor #snbp #SNBP2025 #unpad https://t.co/a9hspmmza6","1901933760725020812","https://pbs.twimg.com/media/GmUGq8zbYAAfzoy.jpg","","in","Las Vegas | 17 êôö","1","59","0","https://x.com/wwooapplejuice/status/1901933760725020812","1528282484160733184","wwooapplejuice"
"1901913872367259659","Tue Mar 18 08:29:37 +0000 2025","1772","iya selamat kepada adik saya telah menamatka game SNBP alhamdulillah udah bisa berobat ga perlu ke dokter https://t.co/JpILdwig2n","1901913872367259659","https://pbs.twimg.com/media/GmT0lGbbkAAfCOd.jpg","","in","","15","33","79","https://x.com/dapresfps/status/1901913872367259659","1572855714057682944","dapresfps"
"1901962219350642842","Tue Mar 18 11:41:44 +0000 2025","2574","Selamat ya udah lolos SNBP @/ordebaru https://t.co/j04ItgOXFE","1901962219350642842","https://pbs.twimg.com/media/GmUgjbxaEAAsqJ3.jpg","","in","he/them","7","1","601","https://x.com/albumfoto__/status/1901962219350642842","1874145097346146305","albumfoto__"
"1902237188190015709","Wed Mar 19 05:54:22 +0000 2025","1312","only ketolak snbp can hurt like this","1902237188190015709","","","en","fk brawijaya ‚≠êÔ∏è 181.425","13","16","477","https://x.com/fkubsoon/status/1902237188190015709","1863212910111244288","fkubsoon"
"1902140129374052507","Tue Mar 18 23:28:41 +0000 2025","618","Momen haru buka pengumuman SNBP 2025 Bareng Keluarga Mimin ikutan terharu karena liat bapaknya langsung sujud syukur https://t.co/Kx6lg4XiU0","1902140129374052507","https://pbs.twimg.com/ext_tw_video_thumb/1902139982623731713/pu/img/L5w9icGt3jJF1DRf.jpg","","in","Jatinangor","8","180","14","https://x.com/anakdotunpad/status/1902140129374052507","382175669","anakdotunpad"
"1901924498070466703","Tue Mar 18 09:11:51 +0000 2025","1252","Guys...... aku lulus https://t.co/A4JvpJ9dDN","1901924498070466703","https://pbs.twimg.com/media/GmT-QAxaUAAxc3s.jpg","","in","fib ugm","11","122","33","https://x.com/menmbacaa/status/1901924498070466703","1793900278179336192","menmbacaa"
"1901909275049611742","Tue Mar 18 08:11:21 +0000 2025","1184","TERIMA KASIH YA ALLAH TERIMA KASIH TEMAN-TEMAN TERIMA KASIH PANITIA SNBP.. YA ALLAH BENERAN GAK NYANGKA COYYY GUE MABA AGRONOMI UGM GUYSSSS MAKASIH BANYAK YA https://t.co/v0p5I3eNAV","1901909275049611742","https://pbs.twimg.com/media/GmTwZzmaEAAsP9D.jpg","","in","","8","58","51","https://x.com/noahugm/status/1901909275049611742","1398091481689165827","noahugm"
"1902778454539477179","Thu Mar 20 17:45:10 +0000 2025","762","stud! Gimana ya kerjain soal kaya gini atau ada cara cepetnya ga?? https://t.co/PD3m2H30Yi","1902778454539477179","https://pbs.twimg.com/media/GmgG64hXAAAmUhG.jpg","","in","kirim menfess üëâ","4","5","57","https://x.com/snbtfess/status/1902778454539477179","1515005472146812932","snbtfess"
"1902668247079809192","Thu Mar 20 10:27:14 +0000 2025","53","[GIVEAWAY KECIL-KECILAN] karna tanggal 18 kemarin Alhamdulillah nya aku lolos SNBP aku mau berbagi sedikit uang jajan sekalian merayakan ulang tahun dd ucil juga^^ saldo shopeepay 50rb(untuk 5 pemenang) syaratnya cukup like+rt+rep doa yang baik baik. thank you guys &lt;3 https://t.co/rT1y32h765","1902668247079809192","https://pbs.twimg.com/media/GmeiqoNaMAAlXly.jpg","","in","","2","50","54","https://x.com/laguyuvin/status/1902668247079809192","1283372683015536640","laguyuvin"
"1901967980126458124","Tue Mar 18 12:04:37 +0000 2025","2494","WOO ALHAMDULILLAH SNBP FK UI #snbp #fkui #ui https://t.co/Em1TGFtE8i","1901967980126458124","https://pbs.twimg.com/media/GmUlyvBaoAET0J0.jpg","","in","","19","122","145","https://x.com/xierralatte/status/1901967980126458124","1673238101085523971","xierralatte"
"1901930575449280576","Tue Mar 18 09:36:00 +0000 2025","145","happy happy happy https://t.co/OpDtEoAuVq","1901930575449280576","https://pbs.twimg.com/media/GmUDx2YbwAIkNmG.jpg","","en","","2","32","3","https://x.com/ivyenrose/status/1901930575449280576","1410569404006342658","ivyenrose"
"1900240010517119269","Thu Mar 13 17:38:17 +0000 2025","565","H-4 JADI MABA UGM!! minta doanya yaa teman-teman semoga aku lolos snbp kedokteran gigi ugm doa terbaik juga untuk teman-teman semua https://t.co/FBvIqXiY7c","1900240010517119269","https://pbs.twimg.com/media/Gl8COBLaQAAE1x7.jpg","","in"," ‡´Æ‚Çç ÀÉÃµÕà·∑Ñ . ‡∏Ö ‚Çé·Éê","5","44","7","https://x.com/onlym0rk/status/1900240010517119269","1417025875057405954","onlym0rk"
"1902890458944008477","Fri Mar 21 01:10:14 +0000 2025","397","stud! guys ada yg bisa kasih pembahasannya ga? https://t.co/YUwekLVEtO","1902890458944008477","https://pbs.twimg.com/media/GmhsyayW0AAWhx9.jpg","","in","kirim menfess üëâ","3","7","36","https://x.com/snbtfess/status/1902890458944008477","1515005472146812932","snbtfess"
"1902556998350082190","Thu Mar 20 03:05:10 +0000 2025","1715","stud! Ini caranya gimana yaa? https://t.co/TNy8TkTGJV","1902556998350082190","https://pbs.twimg.com/media/Gmc9gekW0AAZrVZ.jpg","","in","kirim menfess üëâ","9","17","150","https://x.com/snbtfess/status/1902556998350082190","1515005472146812932","snbtfess"
"1901918859054940290","Tue Mar 18 08:49:26 +0000 2025","24","guyss alhamdulilah akuu senengg bngttt adekk akuu luluss SNBP 2025 omaygattt congratzz seuniverse proud of youuu . . . 2022 2025 https://t.co/x3a53Oomwh","1901918859054940290","https://pbs.twimg.com/media/GmT5HnCbAAACKn2.jpg","","in","","0","2","2","https://x.com/injyhunluvv/status/1901918859054940290","1335761016689369088","injyhunluvv"
"1901841499295474023","Tue Mar 18 03:42:02 +0000 2025","14668","Saran untuk Maba 25 yg keterima snbp banyakin maen banyakin eksplor banyakin nyoba hal baru banyakin TIDUR banyakin nonton banyakin main game banyakin banyakin","1901841499295474023","","","in","","388","116","1314","https://x.com/hemoglo0bin/status/1901841499295474023","1296280303493816321","hemoglo0bin"
"1901913610517102697","Tue Mar 18 08:28:35 +0000 2025","15","selamatt buat yang lolos snbp pgsd upi bumsil Ô∏è ayoow jangan lupa chat cp dibawah ini yaa! aku kasih contekan (bukti ss nya jangan disensor ya) yang bisa kalian jadiin referensi yap! semangatt Ô∏è https://t.co/2sgpJ1YB35","1901913610517102697","https://pbs.twimg.com/media/GmT0V-paEAAyr7g.jpg","","in","she/her","1","2","4","https://x.com/pawnyawklik/status/1901913610517102697","1672859076349534208","pawnyawklik"
